{
  "name": "DHTlib",
  "keywords": "DHT11,DHT22,AM2301,AM2302,AM2303,AM2320,AM2322",
  "description": "Optimized Library for DHT Temperature & Humidity Sensor on AVR only.",
  "authors":
  [
    {
      "name": "Rob Tillaart",
      "email": "Rob.Tillaart@gmail.com",
      "maintainer": true
    }
  ],
  "repository":
  {
    "type": "git",
    "url": "https://github.com/RobTillaart/DHTlib.git"
  },
  "version": "0.1.35",
  "license": "MIT",
  "frameworks": "arduino",
  "platforms": "*",
  "headers": "dht.h"
}
